TrainingData___,DCNN,BI_AT_GRU,XGBoost,ProposedJHBO_basedDNFN
x50,0.8445,0.8001,0.8223,0.86057
x60,0.8445,0.8223,0.8334,0.88187
x70,0.8757,0.8556,0.8664,0.89407
x80,0.8965,0.8664,0.882,0.90717
x90,0.8989,0.8865,0.8901,0.91517
