PopulationSize,Aquila_DNFN,SFO_DNFN,HOA_DNFN,Jaya_DNFN,HBA_DNFN,ProposedJHBO_DNFN
x20,0.795966,0.818166,0.8298,0.840366,0.856436,0.86799
x40,0.818166,0.829266,0.8356,0.840366,0.877736,0.8813
x60,0.851466,0.862266,0.8476,0.871566,0.889936,0.8934
x80,0.862266,0.877866,0.8815,0.892366,0.903036,0.9098
x100,0.882366,0.885966,0.9021,0.894766,0.911036,0.9234
