PopulationSize,Aquila_DNFN,SFO_DNFN,HOA_DNFN,Jaya_DNFN,HBA_DNFN,ProposedJHBO_DNFN
x20,0.807066,0.829266,0.8321,0.851466,0.866636,0.87109
x40,0.829266,0.840366,0.8379,0.860166,0.888836,0.8944
x60,0.860466,0.871266,0.8499,0.878166,0.899936,0.9018965
x80,0.871266,0.892366,0.8838,0.895966,0.910736,0.9189
x100,0.882666,0.895966,0.9044,0.908166,0.917736,0.9265
