TrainingData___,DCNN,BI_AT_GRU,XGBoost,ProposedJHBO_basedDNFN
x50,0.8556,0.8112,0.8334,0.87077
x60,0.8643,0.8334,0.8445,0.89297
x70,0.8823,0.8646,0.8754,0.90407
x80,0.9001,0.8754,0.8965,0.91487
x90,0.9123,0.8868,0.9001,0.92187
