TrainingData___,DCNN,BI_AT_GRU,XGBoost,ProposedJHBO_basedDNFN
x50,0.8476,0.8032,0.8254,0.86367
x60,0.8476,0.8254,0.8365,0.88497
x70,0.8788,0.8587,0.8695,0.89717
x80,0.8996,0.8695,0.8851,0.91027
x90,0.902,0.8896,0.8932,0.91827
