PopulationSize,Aquila_DNFN,SFO_DNFN,HOA_DNFN,Jaya_DNFN,HBA_DNFN,ProposedJHBO_DNFN
x20,0.799066,0.821266,0.8309,0.843466,0.859536,0.87229
x40,0.821266,0.832366,0.8367,0.843466,0.880836,0.8856
x60,0.854566,0.865366,0.8487,0.874666,0.893036,0.8977
x80,0.865366,0.880966,0.8826,0.895466,0.906136,0.9141
x100,0.885466,0.889066,0.9032,0.897866,0.914136,0.9277
